0.0,0.016666666666666666,0.03333333333333333,0.05,0.06666666666666667,0.08333333333333333,0.1,0.11666666666666667,0.13333333333333333,0.15,0.16666666666666666,0.18333333333333332,0.2,0.21666666666666667,0.23333333333333334,0.25,0.26666666666666666,0.2833333333333333,0.3,0.31666666666666665,0.3333333333333333,0.35,0.36666666666666664,0.38333333333333336,0.4,0.4166666666666667,0.43333333333333335,0.45,0.48333333333333334,0.5,0.5166666666666667,0.5333333333333333,0.55,0.5666666666666667,0.6,0.6166666666666667,0.65,0.6666666666666666,0.6833333333333333,0.7,0.7166666666666667,0.75,0.7666666666666667,0.7833333333333333,0.8,0.8166666666666667,0.8333333333333334,0.85,0.8666666666666667,0.8833333333333333,0.9166666666666666,0.9333333333333333,0.9666666666666667,0.9833333333333333,1.0,1.0166666666666666,1.05,1.0666666666666667,1.1,1.1166666666666667,1.1333333333333333,1.15,1.1666666666666667,1.1833333333333333,1.2,1.2166666666666666,1.2333333333333334,1.2666666666666666,1.3166666666666667,1.35,1.3666666666666667,1.4,1.4166666666666667,1.45,1.4666666666666666,1.4833333333333334,1.5,1.5166666666666666,1.5333333333333334,1.55,1.5666666666666667,1.6,1.6166666666666667,1.6333333333333333,1.65,1.7,1.7333333333333334,1.7666666666666666,1.8,1.8166666666666667,1.85,1.9,1.9166666666666667,1.9333333333333333,1.95,1.9833333333333334,2.033333333333333,2.0833333333333335,2.1666666666666665,2.183333333333333,2.2,2.283333333333333,2.3,2.316666666666667,2.35,2.4,2.4166666666666665,2.45,2.5166666666666666,2.683333333333333,2.716666666666667,2.7333333333333334,2.8833333333333333,3.033333333333333,3.0833333333333335,3.4,3.4166666666666665,3.533333333333333,3.566666666666667,3.6333333333333333,3.6666666666666665,3.716666666666667,3.8,3.85,3.9,3.95,3.9833333333333334,4.116666666666666,4.383333333333334,4.483333333333333,4.55,4.566666666666666,4.716666666666667,4.783333333333333,4.966666666666667,5.1,5.166666666666667,5.266666666666667,5.283333333333333,5.333333333333333,5.383333333333334,5.516666666666667,5.533333333333333,5.7,5.716666666666667,5.95,6.083333333333333,6.266666666666667,6.35,6.366666666666666,6.65,6.716666666666667,6.75,6.766666666666667,7.266666666666667,7.316666666666666,7.35,7.366666666666666,7.416666666666667,7.583333333333333,7.666666666666667,7.766666666666667,7.85,7.9,7.933333333333334,8.1,8.116666666666667,8.183333333333334,8.216666666666667,8.466666666666667,8.533333333333333,8.583333333333334,9.083333333333334,9.383333333333333,9.65,9.7,9.716666666666667,9.766666666666667,9.8,10.283333333333333,10.416666666666666,10.433333333333334,10.466666666666667,10.566666666666666,10.65,10.816666666666666,11.366666666666667,11.466666666666667,12.1,12.166666666666666,12.183333333333334,12.35,12.566666666666666,12.733333333333333,12.783333333333333,12.883333333333333,12.983333333333333,13.016666666666667,13.383333333333333,13.766666666666667,13.783333333333333,13.8,13.9,14.0,14.05,14.183333333333334,14.666666666666666,14.766666666666667,15.283333333333333,15.333333333333334,15.383333333333333,15.466666666666667,15.65,16.35,16.5,16.9,16.916666666666668,16.933333333333334,18.05,18.1,18.133333333333333,18.283333333333335,18.516666666666666,18.883333333333333,19.2,19.566666666666666,19.633333333333333,19.65,19.766666666666666,19.816666666666666,19.9,19.95,20.333333333333332,20.6,20.7,20.8,20.85,20.866666666666667,21.466666666666665,21.5,21.683333333333334,22.016666666666666,22.366666666666667,22.433333333333334,22.516666666666666,22.8,23.083333333333332,23.283333333333335,23.466666666666665,23.633333333333333,23.7,23.833333333333332,23.983333333333334,24.45,24.616666666666667,24.683333333333334,24.933333333333334,24.966666666666665,24.983333333333334,25.35,25.583333333333332,25.666666666666668,26.05,26.066666666666666,26.15,26.333333333333332,26.516666666666666,26.716666666666665,26.916666666666668,27.016666666666666,27.233333333333334,27.333333333333332,27.366666666666667,27.383333333333333,27.8,27.816666666666666,27.933333333333334,28.45,28.866666666666667,29.0,29.583333333333332,29.6,29.683333333333334,30.066666666666666,30.116666666666667,30.45,30.85,31.25,31.35,31.383333333333333,31.716666666666665,31.766666666666666,31.983333333333334,32.916666666666664,32.96666666666667,33.21666666666667,33.416666666666664,33.96666666666667,34.166666666666664,35.78333333333333,35.983333333333334,36.03333333333333,36.31666666666667,36.46666666666667,36.63333333333333,36.75,36.78333333333333,37.15,37.7,38.55,39.166666666666664,39.95,40.05,40.21666666666667,41.28333333333333,42.65,42.7,43.31666666666667,43.35,43.53333333333333,43.583333333333336,44.0,44.083333333333336,44.65,44.8,44.833333333333336,44.983333333333334,45.916666666666664,46.63333333333333,47.766666666666666,48.81666666666667,49.25,49.86666666666667,50.483333333333334,50.766666666666666,50.81666666666667,53.95,54.21666666666667,54.95,55.0,55.46666666666667,56.0,56.38333333333333,56.85,56.93333333333333,57.45,57.7,57.733333333333334,57.78333333333333,59.63333333333333,59.833333333333336,59.86666666666667,60.016666666666666,60.03333333333333,60.05,60.06666666666667,60.083333333333336,60.1,60.11666666666667,60.13333333333333,60.15,60.166666666666664,60.18333333333333,60.2,60.21666666666667,60.233333333333334,60.25,60.266666666666666,60.28333333333333,60.3,60.31666666666667,60.333333333333336,60.35,60.36666666666667,60.38333333333333,60.4,60.416666666666664,60.43333333333333,60.45,60.46666666666667,60.483333333333334,60.5,60.53333333333333,60.55,60.56666666666667,60.583333333333336,60.6,60.61666666666667,60.63333333333333,60.65,60.666666666666664,60.68333333333333,60.7,60.71666666666667,60.733333333333334,60.75,60.766666666666666,60.78333333333333,60.81666666666667,60.833333333333336,60.85,60.88333333333333,60.9,60.916666666666664,60.93333333333333,60.95,60.96666666666667,60.983333333333334,61.06666666666667,61.083333333333336,61.1,61.11666666666667,61.13333333333333,61.15,61.166666666666664,61.2,61.21666666666667,61.233333333333334,61.25,61.28333333333333,61.3,61.31666666666667,61.333333333333336,61.35,61.38333333333333,61.4,61.416666666666664,61.43333333333333,61.45,61.483333333333334,61.5,62.483333333333334
436,715,846,932,1058,1169,1195,1239,1283,1306,1323,1354,1388,1421,1449,1465,1477,1490,1503,1520,1522,1550,1552,1559,1567,1575,1585,1590,1605,1611,1625,1635,1739,1757,1760,1763,1776,1787,1818,1826,1856,1865,1872,1878,1896,1901,1910,1930,1937,1946,1947,1978,1984,1993,1998,2008,2009,2011,2013,2025,2040,2042,2050,2052,2057,2061,2099,2100,2102,2107,2116,2131,2132,2136,2151,2154,2158,2163,2164,2166,2172,2177,2179,2186,2191,2199,2200,2202,2207,2209,2217,2218,2226,2228,2238,2239,2243,2244,2246,2248,2265,2271,2273,2275,2282,2286,2289,2297,2309,2310,2312,2314,2316,2318,2324,2328,2333,2335,2344,2353,2354,2356,2362,2363,2366,2372,2373,2380,2381,2383,2385,2387,2389,2394,2401,2410,2412,2414,2415,2417,2421,2423,2426,2438,2446,2450,2454,2456,2462,2463,2464,2467,2471,2474,2476,2479,2489,2490,2493,2496,2497,2503,2507,2513,2520,2534,2538,2541,2555,2557,2566,2568,2573,2588,2594,2603,2610,2616,2617,2622,2629,2636,2642,2647,2648,2650,2652,2654,2655,2656,2670,2672,2675,2676,2688,2694,2703,2708,2712,2715,2716,2717,2724,2730,2735,2740,2744,2746,2750,2757,2764,2765,2766,2767,2769,2773,2774,2775,2777,2782,2785,2793,2798,2800,2849,2850,2853,2854,2855,2861,2910,2912,2914,2916,2925,2929,2939,2941,2943,2944,2945,2946,2947,2948,2958,2959,2960,2964,2967,2969,2973,2974,2983,2986,2987,2988,2989,2991,2997,2999,3000,3010,3012,3018,3019,3022,3024,3026,3037,3041,3043,3044,3047,3058,3063,3066,3067,3070,3077,3080,3081,3084,3085,3086,3088,3091,3092,3096,3099,3100,3101,3103,3105,3108,3109,3115,3118,3119,3120,3123,3126,3130,3134,3138,3145,3148,3152,3154,3156,3160,3165,3166,3167,3174,3187,3188,3197,3198,3200,3201,3206,3210,3212,3213,3217,3218,3220,3222,3225,3226,3231,3235,3237,3241,3253,3257,3258,3262,3264,3265,3269,3273,3275,3277,3278,3280,3283,3284,3288,3293,3294,3298,3299,3320,3334,3384,3401,3408,3420,3425,3426,3431,3435,3443,3446,3463,3507,3533,3551,3558,3564,3578,3605,3632,3663,3688,3694,3702,3726,3749,3750,3773,3795,3804,3809,3812,3828,3855,3873,3874,3899,3909,3928,3957,3970,3981,3994,3996,4013,4014,4015,4039,4050,4054,4120,4133,4135,4140,4165,4168,4210,4229,4241,4244,4250,4255,4256,4259,4260,4282,4292,4302,4334,4351,4356,4358,4377,4401,4403,4405,4434,4434
0.0,0.016666666666666666,0.03333333333333333,0.05,0.06666666666666667,0.08333333333333333,0.1,0.11666666666666667,0.13333333333333333,0.15,0.16666666666666666,0.18333333333333332,0.2,0.21666666666666667,0.23333333333333334,0.25,0.26666666666666666,0.2833333333333333,0.3,0.31666666666666665,0.35,0.36666666666666664,0.38333333333333336,0.4,0.4166666666666667,0.45,0.4666666666666667,0.48333333333333334,0.5,0.5333333333333333,0.55,0.5666666666666667,0.6,0.6166666666666667,0.65,0.6666666666666666,0.7,0.7166666666666667,0.7333333333333333,0.75,0.7666666666666667,0.7833333333333333,0.8,0.8166666666666667,0.8333333333333334,0.8833333333333333,0.9,0.9166666666666666,0.9666666666666667,1.0,1.05,1.0833333333333333,1.1,1.1166666666666667,1.1333333333333333,1.15,1.2,1.2166666666666666,1.2333333333333334,1.25,1.2666666666666666,1.3,1.3166666666666667,1.3333333333333333,1.35,1.4166666666666667,1.4333333333333333,1.5166666666666666,1.55,1.5833333333333333,1.6,1.6333333333333333,1.65,1.6666666666666667,1.7,1.7166666666666666,1.7333333333333334,1.85,1.8666666666666667,1.8833333333333333,1.9,1.9166666666666667,1.95,1.9833333333333334,2.0,2.033333333333333,2.066666666666667,2.0833333333333335,2.1333333333333333,2.183333333333333,2.283333333333333,2.316666666666667,2.4166666666666665,2.45,2.6,2.716666666666667,2.7333333333333334,2.7666666666666666,2.816666666666667,2.85,2.9,2.9166666666666665,2.9833333333333334,3.066666666666667,3.2,3.216666666666667,3.35,3.3666666666666667,3.3833333333333333,3.45,3.55,3.566666666666667,3.683333333333333,3.7333333333333334,3.8666666666666667,4.0,4.066666666666666,4.116666666666666,4.133333333333334,4.166666666666667,4.25,4.266666666666667,4.45,4.466666666666667,4.5,4.533333333333333,4.55,4.75,4.766666666666667,4.783333333333333,4.8,4.816666666666666,4.85,4.9,4.916666666666667,5.05,5.116666666666666,5.166666666666667,5.183333333333334,5.3,5.333333333333333,5.35,5.366666666666666,5.433333333333334,5.45,5.716666666666667,5.75,5.85,5.916666666666667,6.1,6.2,6.283333333333333,6.35,6.533333333333333,6.566666666666666,6.583333333333333,6.616666666666666,6.733333333333333,6.866666666666666,7.1,7.133333333333334,7.166666666666667,7.2,7.216666666666667,7.316666666666666,7.4,7.55,7.666666666666667,7.966666666666667,8.05,8.066666666666666,8.133333333333333,8.333333333333334,8.466666666666667,8.516666666666667,8.833333333333334,8.95,9.216666666666667,9.266666666666667,9.283333333333333,9.3,9.366666666666667,9.466666666666667,9.516666666666667,9.583333333333334,9.633333333333333,9.8,9.833333333333334,9.9,9.983333333333333,10.133333333333333,10.15,10.2,10.3,10.316666666666666,10.333333333333334,10.366666666666667,10.45,10.95,10.966666666666667,11.45,11.516666666666667,11.65,11.666666666666666,11.683333333333334,11.833333333333334,12.016666666666667,12.3,12.483333333333333,12.8,12.983333333333333,13.0,13.016666666666667,13.2,13.233333333333333,13.25,13.3,13.683333333333334,13.85,13.966666666666667,14.166666666666666,14.383333333333333,14.416666666666666,14.466666666666667,14.483333333333333,14.5,14.533333333333333,14.6,14.85,15.416666666666666,15.466666666666667,15.5,15.766666666666667,15.816666666666666,15.85,15.866666666666667,15.966666666666667,16.3,16.466666666666665,16.516666666666666,16.766666666666666,16.816666666666666,16.833333333333332,16.933333333333334,17.033333333333335,17.116666666666667,17.183333333333334,17.2,17.5,17.516666666666666,17.666666666666668,17.783333333333335,17.816666666666666,17.916666666666668,17.95,18.083333333333332,18.116666666666667,18.466666666666665,18.5,19.133333333333333,19.233333333333334,19.316666666666666,19.75,19.95,20.416666666666668,20.533333333333335,20.716666666666665,20.733333333333334,20.75,20.816666666666666,20.983333333333334,21.45,21.583333333333332,21.916666666666668,22.066666666666666,23.583333333333332,23.633333333333333,23.65,23.75,23.933333333333334,24.0,24.383333333333333,25.383333333333333,25.4,25.416666666666668,25.483333333333334,25.75,26.25,26.283333333333335,26.4,26.483333333333334,26.533333333333335,27.05,27.283333333333335,27.85,27.966666666666665,28.116666666666667,28.416666666666668,28.583333333333332,28.7,28.75,28.85,29.2,29.383333333333333,29.816666666666666,29.866666666666667,30.383333333333333,32.083333333333336,33.083333333333336,33.416666666666664,33.75,34.95,35.38333333333333,35.583333333333336,35.6,35.85,36.3,36.35,36.61666666666667,36.65,36.81666666666667,36.9,37.95,39.3,41.88333333333333,42.8,42.833333333333336,44.016666666666666,44.63333333333333,44.65,44.81666666666667,44.916666666666664,45.583333333333336,46.88333333333333,47.483333333333334,51.95,52.666666666666664,53.016666666666666,54.733333333333334,54.8,55.5,55.56666666666667,56.5,57.8,58.45,59.71666666666667,60.0,60.016666666666666,60.03333333333333,60.05,60.06666666666667,60.083333333333336,60.1,60.11666666666667,60.13333333333333,60.15,60.166666666666664,60.18333333333333,60.2,60.21666666666667,60.233333333333334,60.25,60.266666666666666,60.3,60.333333333333336,60.35,60.36666666666667,60.38333333333333,60.4,60.416666666666664,60.43333333333333,60.45,60.483333333333334,60.5,60.516666666666666,60.53333333333333,60.55,60.56666666666667,60.61666666666667,60.63333333333333,60.666666666666664,60.68333333333333,60.7,60.766666666666666,60.78333333333333,60.81666666666667,60.85,60.88333333333333,60.9,60.916666666666664,61.21666666666667,61.25,61.333333333333336,61.36666666666667,61.45,62.483333333333334
1135,1674,1811,1907,1956,2014,2049,2063,2136,2160,2184,2196,2221,2256,2269,2278,2313,2341,2387,2399,2409,2414,2427,2440,2444,2447,2457,2462,2464,2466,2472,2486,2490,2494,2506,2507,2508,2510,2517,2524,2535,2536,2537,2553,2560,2569,2574,2579,2581,2582,2584,2596,2603,2605,2607,2610,2621,2631,2633,2635,2664,2668,2673,2674,2684,2685,2688,2691,2692,2694,2700,2702,2705,2709,2710,2717,2719,2730,2736,2744,2748,2750,2758,2760,2762,2776,2779,2790,2804,2805,2806,2808,2809,2811,2814,2816,2820,2834,2838,2839,2844,2846,2848,2851,2873,2893,2898,2899,2904,2915,2918,2932,2936,2938,2940,2960,2981,2982,2996,3006,3008,3011,3012,3013,3017,3018,3024,3054,3072,3081,3110,3111,3122,3123,3130,3135,3144,3145,3155,3162,3163,3166,3168,3170,3171,3173,3192,3194,3203,3205,3206,3208,3210,3211,3223,3224,3229,3234,3237,3240,3248,3249,3251,3254,3259,3260,3261,3262,3263,3264,3265,3267,3268,3269,3276,3277,3284,3291,3293,3295,3297,3299,3300,3302,3304,3306,3309,3311,3313,3316,3318,3321,3323,3327,3329,3331,3336,3338,3340,3341,3343,3350,3351,3354,3356,3359,3360,3361,3364,3366,3367,3373,3379,3381,3382,3387,3389,3412,3414,3416,3418,3422,3425,3430,3432,3433,3435,3437,3440,3441,3470,3479,3482,3487,3489,3493,3499,3500,3501,3504,3506,3508,3510,3513,3516,3517,3531,3538,3554,3560,3562,3564,3567,3569,3571,3580,3584,3589,3593,3595,3600,3604,3608,3612,3617,3619,3656,3673,3688,3692,3695,3696,3698,3700,3706,3708,3711,3712,3715,3718,3720,3722,3729,3731,3736,3738,3741,3748,3750,3753,3757,3760,3761,3764,3768,3771,3772,3794,3796,3797,3800,3803,3805,3807,3811,3813,3824,3825,3828,3829,3833,3834,3838,3862,3866,3869,3873,3876,3878,3880,3883,3885,3888,3889,3893,3900,3901,3903,3913,3915,3916,3917,3922,3923,3924,3927,3928,3929,3937,3938,3943,3945,3946,3947,3950,3952,3961,3989,4021,4050,4056,4079,4122,4144,4170,4200,4203,4231,4234,4270,4276,4299,4333,4334,4338,4348,4389,4391,4406,4419,4420,4461,4484,4488,4489,4491,4515,4534,4542,4545,4546,4548,4554,4555,4560,4567,4569,4571,4573,4582,4600,4621,4626,4633,4636,4636
0.0,0.016666666666666666,0.03333333333333333,0.05,0.06666666666666667,0.08333333333333333,0.1,0.11666666666666667,0.13333333333333333,0.15,0.16666666666666666,0.18333333333333332,0.2,0.21666666666666667,0.23333333333333334,0.25,0.26666666666666666,0.2833333333333333,0.31666666666666665,0.3333333333333333,0.35,0.36666666666666664,0.4166666666666667,0.43333333333333335,0.45,0.4666666666666667,0.48333333333333334,0.5,0.5166666666666667,0.5333333333333333,0.55,0.5666666666666667,0.5833333333333334,0.6,0.6166666666666667,0.6333333333333333,0.65,0.6666666666666666,0.6833333333333333,0.7,0.7166666666666667,0.7333333333333333,0.75,0.7666666666666667,0.7833333333333333,0.8,0.8166666666666667,0.8333333333333334,0.8833333333333333,0.9,0.9833333333333333,1.0,1.0666666666666667,1.0833333333333333,1.1166666666666667,1.1333333333333333,1.1666666666666667,1.1833333333333333,1.2,1.2166666666666666,1.25,1.2833333333333334,1.3,1.3166666666666667,1.35,1.3666666666666667,1.4666666666666666,1.4833333333333334,1.55,1.5833333333333333,1.6166666666666667,1.6333333333333333,1.7166666666666666,1.7666666666666666,1.7833333333333334,1.8,1.8333333333333333,1.85,1.8833333333333333,1.95,1.9666666666666666,1.9833333333333334,2.0,2.0166666666666666,2.15,2.183333333333333,2.3,2.316666666666667,2.4,2.4166666666666665,2.45,2.466666666666667,2.4833333333333334,2.5166666666666666,2.5833333333333335,2.6166666666666667,2.6333333333333333,2.65,2.6666666666666665,2.683333333333333,2.716666666666667,2.7333333333333334,2.816666666666667,2.8666666666666667,2.8833333333333333,2.966666666666667,3.0166666666666666,3.05,3.0833333333333335,3.1,3.216666666666667,3.283333333333333,3.3,3.35,3.45,3.533333333333333,3.55,3.566666666666667,3.6,3.6333333333333333,3.6666666666666665,3.683333333333333,3.75,3.7666666666666666,3.8833333333333333,3.9166666666666665,4.016666666666667,4.05,4.066666666666666,4.116666666666666,4.133333333333334,4.183333333333334,4.216666666666667,4.266666666666667,4.316666666666666,4.366666666666666,4.4,4.416666666666667,4.466666666666667,4.483333333333333,4.566666666666666,4.6,4.616666666666666,4.766666666666667,4.783333333333333,4.8,4.85,4.983333333333333,5.066666666666666,5.15,5.166666666666667,5.183333333333334,5.216666666666667,5.316666666666666,5.416666666666667,5.45,5.466666666666667,5.483333333333333,5.55,5.566666666666666,5.633333333333334,5.65,5.666666666666667,5.683333333333334,5.7,5.733333333333333,5.816666666666666,5.833333333333333,5.85,5.883333333333334,6.016666666666667,6.116666666666666,6.133333333333334,6.216666666666667,6.316666666666666,6.333333333333333,6.366666666666666,6.45,6.466666666666667,6.566666666666666,6.583333333333333,6.6,6.8,6.816666666666666,6.933333333333334,7.183333333333334,7.266666666666667,7.3,7.35,7.366666666666666,7.433333333333334,7.466666666666667,7.533333333333333,7.55,7.583333333333333,7.65,7.816666666666666,7.833333333333333,7.85,7.966666666666667,7.983333333333333,8.016666666666667,8.166666666666666,8.416666666666666,8.716666666666667,8.766666666666667,8.816666666666666,8.833333333333334,8.866666666666667,8.883333333333333,9.016666666666667,9.05,9.333333333333334,9.383333333333333,9.4,9.483333333333333,9.55,9.716666666666667,10.166666666666666,10.2,10.816666666666666,10.866666666666667,11.233333333333333,11.45,11.466666666666667,11.566666666666666,11.833333333333334,11.85,11.966666666666667,12.083333333333334,12.2,12.35,12.383333333333333,12.416666666666666,12.616666666666667,12.65,12.783333333333333,12.833333333333334,13.05,13.216666666666667,13.333333333333334,13.45,13.5,13.533333333333333,13.766666666666667,14.083333333333334,14.566666666666666,14.583333333333334,14.616666666666667,14.866666666666667,14.916666666666666,14.95,15.183333333333334,15.216666666666667,15.25,15.283333333333333,15.3,15.316666666666666,15.483333333333333,15.516666666666667,15.866666666666667,15.9,15.966666666666667,16.133333333333333,16.566666666666666,17.15,17.283333333333335,17.4,17.433333333333334,17.5,17.55,17.633333333333333,17.65,17.9,17.95,18.4,18.516666666666666,18.9,18.966666666666665,19.35,19.433333333333334,19.483333333333334,20.016666666666666,20.966666666666665,21.716666666666665,21.85,21.933333333333334,22.233333333333334,22.35,22.666666666666668,23.05,23.633333333333333,23.883333333333333,24.066666666666666,24.15,24.416666666666668,24.716666666666665,25.416666666666668,25.45,25.966666666666665,26.35,26.5,26.916666666666668,27.283333333333335,28.166666666666668,28.3,28.4,28.466666666666665,28.883333333333333,29.266666666666666,29.7,29.716666666666665,30.466666666666665,30.716666666666665,30.85,30.866666666666667,32.166666666666664,32.583333333333336,32.916666666666664,33.21666666666667,33.266666666666666,33.28333333333333,33.38333333333333,33.96666666666667,34.25,34.56666666666667,34.88333333333333,35.06666666666667,35.583333333333336,36.016666666666666,37.56666666666667,38.1,39.3,40.46666666666667,41.96666666666667,41.983333333333334,42.18333333333333,43.416666666666664,43.5,45.21666666666667,45.43333333333333,45.81666666666667,48.2,48.333333333333336,48.55,48.61666666666667,48.666666666666664,48.75,49.03333333333333,50.0,52.56666666666667,52.88333333333333,53.36666666666667,54.233333333333334,54.56666666666667,54.916666666666664,54.93333333333333,55.56666666666667,59.0,59.5,59.95,60.016666666666666,60.03333333333333,60.05,60.06666666666667,60.083333333333336,60.11666666666667,60.13333333333333,60.15,60.166666666666664,60.2,60.21666666666667,60.233333333333334,60.25,60.28333333333333,60.3,60.31666666666667,60.333333333333336,60.36666666666667,60.416666666666664,60.45,60.46666666666667,60.483333333333334,60.5,60.53333333333333,60.55,60.61666666666667,60.65,60.666666666666664,60.7,60.71666666666667,60.78333333333333,60.8,60.86666666666667,60.88333333333333,60.9,60.96666666666667,61.016666666666666,61.03333333333333,61.2,61.35,61.483333333333334,62.483333333333334
201,293,394,464,521,529,552,563,590,600,603,608,615,627,637,657,658,683,699,711,719,731,734,735,753,767,773,779,789,790,793,817,849,884,898,909,916,924,942,947,952,967,973,983,992,1002,1009,1010,1012,1015,1016,1017,1020,1031,1047,1063,1068,1076,1079,1083,1097,1114,1132,1150,1153,1155,1162,1168,1185,1186,1200,1210,1215,1216,1226,1241,1258,1267,1275,1280,1282,1287,1303,1304,1311,1312,1318,1323,1329,1335,1344,1352,1357,1367,1369,1371,1389,1395,1401,1407,1408,1413,1418,1419,1422,1427,1428,1436,1450,1456,1458,1461,1466,1471,1483,1490,1498,1528,1536,1542,1554,1557,1565,1569,1572,1584,1596,1598,1604,1612,1614,1616,1625,1631,1633,1635,1637,1648,1652,1656,1665,1670,1689,1697,1698,1702,1703,1713,1720,1728,1733,1738,1741,1743,1745,1755,1760,1761,1763,1764,1773,1774,1781,1787,1789,1790,1791,1792,1793,1801,1803,1815,1822,1827,1850,1860,1861,1867,1871,1875,1881,1885,1888,1896,1902,1906,1909,1911,1918,1920,1922,1926,1929,1934,1938,1940,1944,1946,1956,1968,1972,1973,1980,1983,1988,1995,1998,2000,2003,2004,2011,2018,2020,2022,2027,2028,2029,2034,2037,2038,2042,2050,2052,2054,2056,2057,2061,2062,2063,2066,2068,2070,2077,2078,2079,2080,2082,2089,2097,2105,2111,2113,2115,2121,2128,2129,2133,2139,2145,2156,2164,2168,2172,2173,2190,2194,2228,2247,2270,2285,2288,2297,2298,2303,2305,2314,2336,2337,2339,2341,2342,2344,2348,2354,2355,2357,2359,2360,2362,2364,2366,2367,2373,2375,2376,2382,2387,2389,2392,2395,2396,2409,2422,2433,2435,2437,2440,2442,2445,2447,2453,2456,2459,2461,2464,2465,2467,2469,2470,2471,2486,2493,2497,2500,2524,2526,2543,2545,2548,2553,2554,2557,2560,2561,2562,2563,2567,2569,2572,2574,2576,2577,2583,2584,2585,2589,2594,2602,2604,2605,2607,2608,2610,2612,2614,2619,2648,2650,2651,2655,2657,2659,2661,2662,2663,2664,2665,2687,2688,2690,2692,2694,2718,2754,2775,2790,2795,2827,2840,2844,2848,2849,2853,2864,2870,2880,2888,2915,2919,2921,2925,2932,2951,2953,2974,2986,2994,2998,3013,3017,3021,3025,3027,3029,3034,3043,3045,3093,3095,3118,3122,3124,3124
0.0,0.016666666666666666,0.03333333333333333,0.05,0.06666666666666667,0.08333333333333333,0.1,0.11666666666666667,0.13333333333333333,0.15,0.16666666666666666,0.18333333333333332,0.2,0.21666666666666667,0.23333333333333334,0.25,0.2833333333333333,0.3,0.3333333333333333,0.35,0.36666666666666664,0.38333333333333336,0.4,0.4166666666666667,0.43333333333333335,0.45,0.4666666666666667,0.48333333333333334,0.5,0.5166666666666667,0.55,0.5666666666666667,0.5833333333333334,0.6,0.6333333333333333,0.65,0.6666666666666666,0.6833333333333333,0.7,0.7166666666666667,0.7333333333333333,0.75,0.8,0.8333333333333334,0.85,0.8666666666666667,0.8833333333333333,0.9166666666666666,0.9333333333333333,0.9666666666666667,1.0,1.0166666666666666,1.05,1.0833333333333333,1.1,1.1166666666666667,1.2333333333333334,1.25,1.2666666666666666,1.3833333333333333,1.45,1.4666666666666666,1.4833333333333334,1.5,1.5666666666666667,1.6833333333333333,1.7166666666666666,1.7333333333333334,1.75,1.7666666666666666,1.8166666666666667,1.8333333333333333,1.9333333333333333,1.95,1.9666666666666666,2.033333333333333,2.05,2.0833333333333335,2.1333333333333333,2.183333333333333,2.25,2.4,2.533333333333333,2.55,2.816666666666667,2.8666666666666667,2.8833333333333333,2.9166666666666665,3.0166666666666666,3.25,3.35,3.433333333333333,3.5,3.5166666666666666,3.533333333333333,3.7333333333333334,3.85,3.8666666666666667,3.8833333333333333,3.95,3.966666666666667,4.383333333333334,4.883333333333334,4.916666666666667,5.083333333333333,5.2,5.266666666666667,5.35,5.516666666666667,5.666666666666667,5.8,5.833333333333333,5.9,6.383333333333334,6.6,7.25,8.25,8.533333333333333,8.883333333333333,9.6,9.8,9.866666666666667,10.25,10.516666666666667,10.6,10.716666666666667,10.916666666666666,10.983333333333333,14.816666666666666,14.9,15.166666666666666,15.2,15.233333333333333,15.283333333333333,15.666666666666666,16.566666666666666,17.533333333333335,18.1,23.3,28.933333333333334,42.71666666666667,46.56666666666667,51.983333333333334,54.983333333333334,55.166666666666664,60.016666666666666,60.06666666666667,60.4,60.416666666666664,60.9,60.916666666666664,60.95,61.21666666666667,62.483333333333334
2349,2854,2902,2934,2948,2976,3038,3060,3128,3204,3205,3211,3224,3233,3246,3260,3261,3274,3284,3285,3288,3293,3294,3304,3337,3344,3348,3356,3362,3371,3377,3378,3382,3391,3399,3403,3412,3414,3422,3425,3447,3450,3460,3480,3489,3503,3518,3543,3544,3546,3548,3570,3586,3590,3592,3598,3606,3622,3623,3624,3675,3706,3726,3740,3747,3757,3768,3790,3813,3814,3823,3828,3838,3840,3842,3845,3851,3852,3859,3862,3882,3892,3900,3902,3915,3920,3921,3923,3936,3937,3938,3940,3950,3960,3964,3968,3976,3978,3985,3994,3995,3997,4002,4007,4009,4011,4012,4013,4024,4026,4028,4029,4030,4031,4032,4034,4037,4039,4041,4046,4048,4053,4056,4058,4059,4060,4065,4070,4072,4073,4077,4078,4081,4083,4085,4091,4114,4115,4120,4122,4125,4127,4171,4172,4176,4178,4182,4192,4194,4202,4204,4208,4215,4215
0.0,0.016666666666666666,0.03333333333333333,0.05,0.06666666666666667,0.08333333333333333,0.1,0.11666666666666667,0.13333333333333333,0.15,0.16666666666666666,0.18333333333333332,0.2,0.21666666666666667,0.23333333333333334,0.25,0.26666666666666666,0.2833333333333333,0.3,0.31666666666666665,0.3333333333333333,0.36666666666666664,0.38333333333333336,0.4,0.4166666666666667,0.43333333333333335,0.45,0.4666666666666667,0.48333333333333334,0.5,0.5166666666666667,0.5333333333333333,0.55,0.6,0.6166666666666667,0.6333333333333333,0.6666666666666666,0.6833333333333333,0.7,0.7166666666666667,0.7333333333333333,0.75,0.7666666666666667,0.7833333333333333,0.8166666666666667,0.8333333333333334,0.85,0.8666666666666667,0.8833333333333333,0.9,0.9166666666666666,0.9333333333333333,0.95,0.9666666666666667,1.0,1.0166666666666666,1.05,1.0666666666666667,1.0833333333333333,1.1,1.15,1.1833333333333333,1.2166666666666666,1.2833333333333334,1.3166666666666667,1.35,1.4,1.4666666666666666,1.5,1.5166666666666666,1.5333333333333334,1.55,1.5666666666666667,1.6,1.6333333333333333,1.7,1.7333333333333334,1.9166666666666667,1.95,1.9666666666666666,1.9833333333333334,2.0,2.05,2.0833333333333335,2.1,2.1166666666666667,2.1666666666666665,2.25,2.2666666666666666,2.283333333333333,2.3,2.316666666666667,2.3333333333333335,2.35,2.3666666666666667,2.4,2.4166666666666665,2.433333333333333,2.55,2.6166666666666667,2.65,2.7,2.716666666666667,2.7333333333333334,2.8666666666666667,2.8833333333333333,2.9,2.9166666666666665,2.933333333333333,2.966666666666667,3.0,3.0166666666666666,3.033333333333333,3.066666666666667,3.1333333333333333,3.15,3.2,3.216666666666667,3.2333333333333334,3.25,3.283333333333333,3.3,3.316666666666667,3.35,3.3833333333333333,3.4166666666666665,3.45,3.466666666666667,3.4833333333333334,3.5166666666666666,3.566666666666667,3.5833333333333335,3.6166666666666667,3.6333333333333333,4.116666666666666,4.2,4.233333333333333,4.25,4.266666666666667,4.366666666666666,4.383333333333334,4.483333333333333,4.533333333333333,4.6,4.716666666666667,4.783333333333333,4.816666666666666,4.866666666666666,4.883333333333334,4.933333333333334,4.966666666666667,4.983333333333333,5.016666666666667,5.066666666666666,5.15,5.4,5.483333333333333,5.533333333333333,5.583333333333333,5.616666666666666,5.75,5.883333333333334,5.933333333333334,5.95,5.983333333333333,6.033333333333333,6.066666666666666,6.083333333333333,6.1,6.15,6.216666666666667,6.25,6.266666666666667,6.283333333333333,6.35,6.383333333333334,6.4,6.433333333333334,6.45,6.466666666666667,6.5,6.516666666666667,6.55,6.666666666666667,6.783333333333333,6.866666666666666,6.9,6.966666666666667,7.05,7.116666666666666,7.15,7.166666666666667,7.2,7.233333333333333,7.316666666666666,7.366666666666666,7.383333333333334,7.4,7.483333333333333,7.5,7.55,7.75,7.766666666666667,7.866666666666666,8.266666666666667,8.55,8.6,8.666666666666666,8.683333333333334,8.883333333333333,9.066666666666666,9.133333333333333,9.166666666666666,9.6,9.65,10.0,10.133333333333333,10.316666666666666,10.583333333333334,11.55,11.633333333333333,11.716666666666667,12.166666666666666,12.266666666666667,12.3,12.75,12.9,13.1,13.116666666666667,13.3,13.4,13.483333333333333,13.516666666666667,13.75,13.766666666666667,13.8,13.95,14.166666666666666,14.316666666666666,14.383333333333333,14.75,14.816666666666666,15.0,15.066666666666666,15.366666666666667,15.4,15.416666666666666,15.516666666666667,15.616666666666667,15.633333333333333,15.666666666666666,15.983333333333333,16.05,16.1,17.266666666666666,17.566666666666666,17.95,18.583333333333332,18.666666666666668,18.683333333333334,19.216666666666665,19.35,19.633333333333333,20.733333333333334,21.15,21.316666666666666,21.65,21.666666666666668,22.166666666666668,22.616666666666667,22.716666666666665,23.166666666666668,23.2,23.266666666666666,23.516666666666666,23.95,24.166666666666668,24.35,24.966666666666665,25.283333333333335,25.35,25.383333333333333,25.466666666666665,26.033333333333335,26.133333333333333,26.25,26.55,26.816666666666666,26.95,27.066666666666666,27.266666666666666,27.433333333333334,27.7,28.0,28.033333333333335,28.05,28.066666666666666,28.2,28.25,28.566666666666666,28.583333333333332,28.616666666666667,28.666666666666668,28.733333333333334,28.75,28.95,29.583333333333332,29.883333333333333,30.833333333333332,30.866666666666667,30.916666666666668,31.0,31.183333333333334,31.383333333333333,31.6,31.616666666666667,31.733333333333334,32.13333333333333,32.2,32.25,34.916666666666664,35.2,35.3,35.516666666666666,35.78333333333333,36.45,36.46666666666667,36.666666666666664,36.78333333333333,38.38333333333333,38.45,38.61666666666667,39.25,39.63333333333333,41.36666666666667,42.7,44.083333333333336,44.15,44.166666666666664,44.2,44.93333333333333,44.96666666666667,45.43333333333333,46.4,46.666666666666664,47.43333333333333,47.63333333333333,47.666666666666664,47.75,47.86666666666667,47.916666666666664,47.983333333333334,48.766666666666666,49.0,49.016666666666666,49.1,49.28333333333333,49.68333333333333,50.233333333333334,51.916666666666664,52.86666666666667,53.38333333333333,54.4,54.65,55.03333333333333,55.71666666666667,56.06666666666667,56.266666666666666,58.733333333333334,60.016666666666666,60.083333333333336,60.13333333333333,60.166666666666664,60.18333333333333,60.233333333333334,60.25,60.266666666666666,60.28333333333333,60.31666666666667,60.38333333333333,60.45,60.516666666666666,60.53333333333333,60.56666666666667,60.61666666666667,60.65,60.68333333333333,60.71666666666667,60.733333333333334,60.833333333333336,60.9,60.983333333333334,61.016666666666666,61.06666666666667,62.483333333333334
645,1094,1327,1436,1519,1583,1599,1619,1677,1722,1739,1756,1761,1780,1808,1830,1849,1869,1872,1883,1909,1911,1915,1932,1943,1946,1952,1957,1966,1978,1981,1992,2016,2021,2024,2031,2047,2055,2064,2088,2112,2145,2146,2155,2168,2179,2186,2193,2208,2211,2222,2224,2227,2251,2253,2255,2261,2280,2302,2304,2308,2331,2337,2339,2341,2343,2345,2358,2378,2398,2402,2408,2415,2422,2427,2447,2477,2479,2481,2491,2493,2499,2502,2506,2534,2547,2552,2562,2567,2568,2576,2581,2582,2587,2597,2601,2630,2653,2665,2668,2670,2685,2689,2693,2708,2713,2717,2722,2723,2728,2731,2750,2771,2772,2774,2778,2780,2783,2794,2803,2806,2809,2811,2816,2827,2830,2835,2844,2854,2859,2861,2863,2880,2884,2887,2896,2904,2905,2912,2916,2918,2922,2924,2927,2932,2933,2936,2948,2950,2951,2952,2953,2958,2960,2978,2988,2992,3000,3005,3014,3030,3037,3043,3046,3049,3051,3056,3057,3068,3070,3071,3072,3079,3081,3087,3091,3112,3114,3124,3125,3127,3129,3135,3137,3138,3140,3142,3144,3152,3153,3165,3167,3170,3171,3172,3174,3181,3187,3189,3190,3191,3192,3199,3201,3208,3209,3223,3226,3229,3244,3246,3247,3249,3250,3251,3252,3253,3254,3258,3274,3290,3293,3296,3301,3302,3305,3306,3307,3315,3317,3318,3320,3321,3334,3346,3347,3348,3350,3357,3362,3384,3405,3406,3409,3411,3417,3419,3425,3430,3433,3436,3439,3442,3444,3467,3469,3471,3472,3473,3474,3475,3476,3479,3480,3483,3486,3491,3492,3493,3495,3499,3500,3501,3505,3507,3509,3516,3517,3519,3526,3533,3534,3550,3554,3557,3562,3569,3578,3585,3588,3600,3609,3612,3616,3633,3639,3645,3646,3650,3653,3674,3681,3682,3689,3691,3693,3709,3711,3727,3734,3737,3738,3745,3750,3757,3764,3765,3766,3768,3771,3773,3776,3778,3780,3783,3785,3788,3793,3801,3809,3817,3821,3925,3927,3933,3935,3939,3940,3944,3947,3948,3953,3956,3959,3961,3970,3971,3980,3982,3983,3988,3990,3993,3994,4015,4031,4047,4052,4096,4100,4105,4109,4115,4123,4126,4129,4133,4134,4137,4141,4144,4147,4157,4175,4182,4185,4190,4197,4200,4202,4208,4217,4227,4231,4235,4257,4260,4287,4289,4295,4296,4301,4308,4341,4341
0.0,0.016666666666666666,0.03333333333333333,0.05,0.06666666666666667,0.08333333333333333,0.1,0.13333333333333333,0.15,0.16666666666666666,0.18333333333333332,0.21666666666666667,0.25,0.3,0.35,0.38333333333333336,0.4666666666666667,0.48333333333333334,0.5,0.5166666666666667,0.5333333333333333,0.5666666666666667,0.5833333333333334,0.6,0.6333333333333333,0.7666666666666667,0.8,0.8166666666666667,0.9333333333333333,0.9833333333333333,1.0833333333333333,1.15,1.1666666666666667,1.35,1.4166666666666667,1.5666666666666667,1.65,1.9166666666666667,2.0166666666666666,2.1,2.216666666666667,2.2333333333333334,2.2666666666666666,2.3,2.45,2.566666666666667,2.6333333333333333,2.7,2.75,2.8666666666666667,3.033333333333333,3.183333333333333,3.2,3.4166666666666665,3.466666666666667,3.5166666666666666,3.566666666666667,3.8333333333333335,3.933333333333333,4.533333333333333,4.683333333333334,4.883333333333334,4.916666666666667,4.95,5.116666666666666,5.183333333333334,5.2,5.383333333333334,5.983333333333333,6.05,6.266666666666667,6.466666666666667,6.533333333333333,6.55,6.616666666666666,6.9,7.016666666666667,7.033333333333333,7.116666666666666,7.716666666666667,7.733333333333333,7.75,8.633333333333333,9.016666666666667,10.566666666666666,11.15,11.166666666666666,11.683333333333334,11.7,13.233333333333333,13.966666666666667,14.266666666666667,14.9,14.916666666666666,15.65,15.7,15.783333333333333,16.95,17.4,19.866666666666667,20.483333333333334,20.583333333333332,20.933333333333334,23.016666666666666,23.35,23.9,27.333333333333332,27.366666666666667,28.083333333333332,34.833333333333336,35.85,36.71666666666667,36.916666666666664,37.733333333333334,37.8,38.21666666666667,40.583333333333336,40.71666666666667,43.483333333333334,46.21666666666667,47.36666666666667,48.75,49.43333333333333,50.516666666666666,51.233333333333334,53.93333333333333,54.61666666666667,55.61666666666667,60.0,60.016666666666666,60.03333333333333,60.05,60.06666666666667,60.083333333333336,60.1,60.11666666666667,60.15,60.166666666666664,60.2,60.21666666666667,60.233333333333334,60.25,60.28333333333333,60.31666666666667,60.333333333333336,60.35,60.36666666666667,60.38333333333333,60.4,60.416666666666664,60.43333333333333,60.45,60.46666666666667,60.483333333333334,60.5,60.516666666666666,60.53333333333333,60.55,60.56666666666667,60.583333333333336,60.6,60.61666666666667,60.63333333333333,60.65,60.68333333333333,60.7,60.71666666666667,60.733333333333334,60.75,60.766666666666666,60.78333333333333,60.81666666666667,60.833333333333336,60.86666666666667,60.88333333333333,60.916666666666664,62.483333333333334
994,1259,1278,1286,1345,1356,1384,1386,1389,1406,1408,1411,1413,1418,1422,1424,1429,1443,1447,1452,1464,1470,1486,1491,1498,1500,1502,1505,1519,1521,1522,1526,1529,1532,1533,1539,1541,1542,1545,1559,1560,1561,1562,1564,1566,1567,1573,1580,1584,1586,1587,1593,1600,1601,1607,1608,1615,1621,1623,1628,1630,1632,1633,1636,1637,1639,1642,1645,1649,1656,1659,1661,1665,1683,1685,1689,1690,1692,1693,1695,1697,1698,1699,1706,1707,1712,1714,1719,1721,1723,1724,1732,1734,1736,1738,1740,1742,1743,1749,1756,1763,1778,1783,1785,1789,1792,1797,1801,1811,1814,1818,1824,1828,1831,1832,1834,1840,1841,1843,1845,1846,1850,1855,1856,1857,1859,1860,1867,1869,1878,1896,1902,1904,1907,1924,1931,1957,1960,1965,1972,1979,1981,1989,2033,2049,2089,2172,2233,2289,2332,2349,2362,2404,2415,2458,2480,2505,2524,2570,2604,2649,2654,2657,2663,2667,2687,2704,2720,2759,2774,2801,2803,2809,2810,2812,2820,2820
0.0,0.016666666666666666,0.03333333333333333,0.05,0.06666666666666667,0.08333333333333333,0.1,0.13333333333333333,0.15,0.16666666666666666,0.3,0.31666666666666665,0.3333333333333333,0.43333333333333335,0.45,0.4666666666666667,0.5333333333333333,0.55,0.5666666666666667,0.5833333333333334,0.6,0.6166666666666667,0.6333333333333333,0.65,0.8166666666666667,0.9666666666666667,0.9833333333333333,1.0,1.05,1.0666666666666667,1.0833333333333333,1.1,1.1166666666666667,1.1333333333333333,1.15,1.1666666666666667,1.1833333333333333,1.2,1.2333333333333334,1.3833333333333333,1.5166666666666666,1.5333333333333334,1.5833333333333333,1.6,1.6166666666666667,1.6333333333333333,1.65,1.6666666666666667,1.6833333333333333,1.75,1.7666666666666666,1.7833333333333334,1.8,2.033333333333333,2.0833333333333335,2.1166666666666667,2.1333333333333333,2.15,2.1666666666666665,2.183333333333333,2.216666666666667,2.2333333333333334,2.25,2.3,2.3666666666666667,2.466666666666667,2.6,2.65,2.6666666666666665,2.683333333333333,2.7,2.716666666666667,2.7333333333333334,2.75,2.7666666666666666,2.816666666666667,2.85,2.8666666666666667,3.05,3.1333333333333333,3.1666666666666665,3.183333333333333,3.2,3.216666666666667,3.2333333333333334,3.25,3.2666666666666666,3.3666666666666667,3.566666666666667,3.7333333333333334,3.75,3.7666666666666666,3.783333333333333,3.816666666666667,3.8333333333333335,3.9,3.9166666666666665,4.233333333333333,4.25,4.266666666666667,4.283333333333333,4.316666666666666,4.333333333333333,4.35,4.366666666666666,4.383333333333334,4.4,4.416666666666667,4.433333333333334,4.45,4.466666666666667,4.55,4.583333333333333,4.766666666666667,4.783333333333333,4.8,4.816666666666666,4.833333333333333,4.916666666666667,4.933333333333334,4.966666666666667,5.0,5.016666666666667,5.333333333333333,5.366666666666666,5.383333333333334,5.716666666666667,5.866666666666666,5.883333333333334,5.9,5.983333333333333,6.0,6.083333333333333,6.433333333333334,6.45,6.466666666666667,6.5,6.516666666666667,6.533333333333333,6.566666666666666,6.616666666666666,6.816666666666666,6.966666666666667,7.3,7.5,7.716666666666667,7.733333333333333,7.783333333333333,7.883333333333334,7.9,7.966666666666667,8.0,8.116666666666667,8.183333333333334,8.55,8.6,8.716666666666667,9.033333333333333,9.166666666666666,9.183333333333334,9.433333333333334,9.6,9.616666666666667,9.633333333333333,9.65,9.666666666666666,9.75,10.116666666666667,10.15,10.183333333333334,10.283333333333333,10.45,10.616666666666667,10.716666666666667,10.733333333333333,10.916666666666666,11.0,11.116666666666667,11.25,11.716666666666667,11.75,11.766666666666667,12.283333333333333,12.3,12.533333333333333,12.633333333333333,12.7,12.75,12.9,12.933333333333334,13.416666666666666,13.75,13.783333333333333,13.833333333333334,13.9,13.95,13.983333333333333,14.433333333333334,14.7,15.3,15.4,16.05,16.066666666666666,16.566666666666666,16.583333333333332,16.616666666666667,17.216666666666665,17.316666666666666,17.883333333333333,17.933333333333334,18.0,18.2,18.333333333333332,18.35,18.533333333333335,18.7,19.216666666666665,19.65,19.733333333333334,19.85,20.633333333333333,21.016666666666666,21.716666666666665,21.816666666666666,22.35,22.5,22.616666666666667,22.633333333333333,22.733333333333334,22.816666666666666,23.483333333333334,23.683333333333334,23.7,23.766666666666666,23.9,23.933333333333334,24.7,24.716666666666665,25.266666666666666,25.883333333333333,25.983333333333334,26.366666666666667,26.383333333333333,26.6,26.633333333333333,26.65,26.833333333333332,27.366666666666667,27.533333333333335,27.766666666666666,27.8,28.183333333333334,28.683333333333334,28.866666666666667,28.883333333333333,29.983333333333334,30.35,30.516666666666666,31.216666666666665,31.5,31.55,32.03333333333333,32.916666666666664,32.93333333333333,33.13333333333333,33.15,33.2,33.68333333333333,33.75,33.766666666666666,34.18333333333333,35.06666666666667,35.233333333333334,35.266666666666666,35.28333333333333,35.43333333333333,35.45,35.53333333333333,35.833333333333336,36.333333333333336,36.36666666666667,36.38333333333333,36.43333333333333,37.71666666666667,37.916666666666664,37.93333333333333,37.95,37.96666666666667,38.38333333333333,38.483333333333334,38.516666666666666,38.583333333333336,38.96666666666667,39.03333333333333,39.1,40.0,40.083333333333336,40.81666666666667,40.85,41.1,41.25,41.35,41.36666666666667,41.9,41.93333333333333,42.31666666666667,42.416666666666664,42.43333333333333,42.81666666666667,42.983333333333334,43.0,43.9,44.21666666666667,44.8,45.0,47.95,48.28333333333333,49.416666666666664,50.63333333333333,50.68333333333333,51.38333333333333,51.416666666666664,51.81666666666667,52.1,52.18333333333333,53.266666666666666,53.9,54.65,55.15,56.28333333333333,57.6,57.96666666666667,58.333333333333336,59.0,59.5,59.75,59.833333333333336,59.85,60.016666666666666,60.03333333333333,60.05,60.06666666666667,60.083333333333336,60.11666666666667,60.15,60.166666666666664,60.18333333333333,60.2,60.21666666666667,60.25,60.266666666666666,60.28333333333333,60.3,60.31666666666667,60.333333333333336,60.36666666666667,60.38333333333333,60.4,60.416666666666664,60.43333333333333,60.45,60.46666666666667,60.483333333333334,60.516666666666666,60.53333333333333,60.55,60.56666666666667,60.583333333333336,60.6,60.63333333333333,60.65,60.666666666666664,60.68333333333333,60.71666666666667,60.733333333333334,60.78333333333333,60.8,60.833333333333336,60.85,60.86666666666667,60.88333333333333,60.916666666666664,60.93333333333333,60.95,60.96666666666667,60.983333333333334,61.0,61.016666666666666,61.03333333333333,61.05,61.083333333333336,61.11666666666667,61.13333333333333,61.166666666666664,61.18333333333333,61.21666666666667,61.233333333333334,61.25,61.28333333333333,61.31666666666667,61.333333333333336,61.36666666666667,61.38333333333333,61.4,61.416666666666664,61.43333333333333,61.45,61.46666666666667,61.483333333333334,61.5,61.53333333333333,61.55,61.56666666666667,61.583333333333336,61.61666666666667,62.483333333333334
210,572,689,769,840,864,870,882,904,906,913,914,915,928,944,948,1089,1217,1263,1290,1295,1302,1304,1306,1310,1311,1314,1316,1354,1470,1572,1608,1640,1643,1646,1660,1675,1681,1685,1686,1691,1698,1699,1711,1790,1836,1845,1846,1848,1854,1856,1860,1866,1881,1889,1890,1907,1946,1962,1972,1977,1983,1984,1985,1986,1996,1999,2010,2011,2019,2026,2030,2035,2043,2044,2050,2051,2053,2054,2055,2059,2081,2091,2101,2124,2133,2140,2145,2147,2152,2154,2173,2180,2189,2191,2193,2196,2205,2228,2285,2299,2301,2306,2307,2328,2330,2338,2339,2344,2345,2351,2354,2362,2365,2382,2386,2391,2403,2409,2410,2421,2426,2427,2435,2445,2447,2450,2459,2467,2468,2473,2482,2483,2494,2501,2504,2508,2510,2513,2517,2519,2523,2527,2529,2539,2552,2569,2581,2589,2602,2613,2624,2627,2628,2632,2640,2642,2664,2665,2668,2674,2675,2682,2690,2692,2694,2696,2703,2705,2713,2714,2717,2722,2724,2726,2729,2738,2743,2749,2752,2767,2789,2798,2799,2800,2801,2836,2840,2846,2848,2849,2855,2859,2860,2866,2870,2873,2885,2889,2890,2891,2892,2897,2898,2900,2902,2904,2907,2909,2911,2912,2913,2914,2916,2918,2920,2922,2927,2929,2931,2934,2937,2940,2942,2944,2946,2953,2960,2963,2964,2973,2976,2978,3008,3017,3019,3034,3056,3060,3061,3064,3115,3166,3170,3177,3184,3185,3189,3190,3202,3204,3207,3208,3222,3226,3227,3228,3235,3247,3248,3249,3262,3265,3267,3269,3271,3275,3277,3280,3284,3285,3288,3292,3293,3296,3297,3298,3302,3303,3304,3305,3306,3309,3310,3311,3328,3330,3332,3337,3341,3342,3344,3347,3350,3354,3358,3361,3367,3373,3375,3376,3377,3378,3388,3398,3401,3402,3403,3407,3408,3410,3412,3416,3417,3419,3426,3427,3429,3433,3435,3436,3437,3441,3442,3444,3445,3446,3448,3458,3460,3466,3470,3476,3488,3489,3493,3497,3501,3517,3527,3538,3555,3557,3573,3580,3599,3609,3645,3666,3685,3688,3690,3702,3728,3748,3761,3817,3863,3864,3902,3906,3913,3936,3945,3971,3989,4000,4010,4021,4025,4028,4059,4061,4076,4081,4086,4088,4121,4140,4160,4182,4187,4210,4222,4229,4239,4252,4257,4262,4264,4277,4287,4329,4378,4391,4403,4419,4436,4444,4449,4454,4465,4478,4491,4502,4513,4515,4519,4538,4544,4545,4561,4596,4601,4613,4613
0.0,0.016666666666666666,0.5,0.5166666666666667,0.5333333333333333,0.55,0.85,1.0,1.0166666666666666,1.0333333333333334,1.05,1.0666666666666667,1.35,1.4666666666666666,1.5,1.5166666666666666,1.5333333333333334,1.55,2.0166666666666666,2.033333333333333,2.05,2.066666666666667,2.5166666666666666,2.533333333333333,2.55,2.566666666666667,3.0166666666666666,3.033333333333333,3.05,3.066666666666667,3.0833333333333335,3.1333333333333333,3.15,3.533333333333333,3.55,3.566666666666667,3.5833333333333335,4.016666666666667,4.033333333333333,4.05,4.066666666666666,4.083333333333333,4.1,4.216666666666667,4.233333333333333,4.533333333333333,4.55,4.566666666666666,4.583333333333333,5.066666666666666,5.083333333333333,5.1,5.316666666666666,5.55,5.566666666666666,5.583333333333333,5.6,5.616666666666666,5.633333333333334,5.75,6.05,6.066666666666666,6.083333333333333,6.1,6.133333333333334,6.583333333333333,6.6,6.633333333333334,6.666666666666667,7.083333333333333,7.1,7.116666666666666,7.283333333333333,7.583333333333333,7.6,7.616666666666666,7.633333333333334,7.666666666666667,8.1,8.116666666666667,8.583333333333334,8.6,8.616666666666667,8.633333333333333,9.1,9.116666666666667,9.133333333333333,9.15,9.283333333333333,9.633333333333333,9.683333333333334,10.1,10.116666666666667,10.133333333333333,10.616666666666667,10.633333333333333,10.65,10.666666666666666,10.683333333333334,10.966666666666667,11.166666666666666,11.2,11.666666666666666,11.716666666666667,12.133333333333333,12.166666666666666,12.183333333333334,12.2,12.633333333333333,12.65,12.666666666666666,12.7,12.75,13.183333333333334,13.666666666666666,13.716666666666667,13.816666666666666,14.183333333333334,14.2,14.216666666666667,14.266666666666667,14.35,14.716666666666667,14.733333333333333,15.166666666666666,15.183333333333334,15.216666666666667,15.233333333333333,15.683333333333334,15.816666666666666,16.15,16.233333333333334,16.25,16.483333333333334,16.716666666666665,16.733333333333334,16.75,17.216666666666665,17.25,17.35,17.766666666666666,18.216666666666665,18.233333333333334,18.7,18.733333333333334,19.266666666666666,19.283333333333335,19.466666666666665,19.716666666666665,19.733333333333334,19.75,20.216666666666665,20.233333333333334,20.25,20.266666666666666,20.3,20.333333333333332,20.483333333333334,20.633333333333333,20.733333333333334,20.75,20.783333333333335,21.233333333333334,21.266666666666666,21.283333333333335,21.566666666666666,22.266666666666666,22.3,22.316666666666666,22.333333333333332,22.75,22.766666666666666,22.816666666666666,23.266666666666666,23.333333333333332,23.35,23.8,24.316666666666666,24.333333333333332,24.766666666666666,24.833333333333332,25.166666666666668,25.3,25.316666666666666,25.383333333333333,26.333333333333332,26.783333333333335,26.8,26.883333333333333,27.3,27.333333333333332,27.383333333333333,27.9,28.383333333333333,28.8,28.833333333333332,28.883333333333333,29.383333333333333,29.833333333333332,30.316666666666666,30.366666666666667,30.4,30.866666666666667,30.883333333333333,30.9,30.916666666666668,30.933333333333334,31.383333333333333,31.833333333333332,31.916666666666668,31.95,32.983333333333334,33.266666666666666,33.45,33.96666666666667,34.38333333333333,34.4,34.93333333333333,34.95,35.483333333333334,36.016666666666666,36.06666666666667,36.416666666666664,36.516666666666666,37.0,37.016666666666666,38.016666666666666,38.5,38.516666666666666,38.8,39.016666666666666,39.05,39.13333333333333,39.516666666666666,39.53333333333333,39.6,40.05,41.0,41.06666666666667,41.55,41.56666666666667,42.1,42.11666666666667,43.15,43.21666666666667,43.6,43.63333333333333,44.03333333333333,44.166666666666664,45.666666666666664,46.06666666666667,46.13333333333333,46.21666666666667,46.61666666666667,46.71666666666667,47.03333333333333,47.05,47.06666666666667,47.13333333333333,47.15,47.63333333333333,48.15,48.63333333333333,49.15,50.68333333333333,50.7,51.18333333333333,51.666666666666664,51.8,52.15,52.21666666666667,52.733333333333334,53.1,53.2,55.06666666666667,55.15,55.38333333333333,56.166666666666664,56.583333333333336,56.86666666666667,56.96666666666667,57.06666666666667,57.28333333333333,57.75,57.833333333333336,58.6,58.766666666666666,58.8,59.233333333333334,59.31666666666667,60.13333333333333,60.21666666666667,60.233333333333334,60.25,60.266666666666666,60.28333333333333,60.31666666666667,60.35,60.38333333333333,60.4,60.416666666666664,60.43333333333333,60.5,60.516666666666666,60.583333333333336,60.6,60.63333333333333,60.666666666666664,60.71666666666667,60.733333333333334,60.766666666666666,60.8,60.81666666666667,60.833333333333336,61.18333333333333,61.25,61.266666666666666,61.28333333333333,61.3,61.31666666666667,61.35,61.4,61.43333333333333,61.5,62.483333333333334
165,208,248,287,322,324,325,338,374,385,405,406,408,411,528,574,595,596,634,693,731,732,744,759,784,790,795,818,832,863,867,870,876,888,901,908,920,926,929,951,968,972,981,987,988,993,1004,1022,1024,1042,1062,1070,1071,1073,1079,1091,1110,1114,1116,1134,1135,1159,1164,1165,1179,1181,1187,1189,1203,1205,1208,1217,1219,1222,1223,1228,1229,1234,1244,1252,1253,1269,1275,1312,1315,1330,1339,1346,1347,1383,1386,1388,1395,1396,1411,1412,1447,1448,1455,1461,1468,1469,1472,1475,1482,1496,1497,1500,1518,1534,1537,1545,1555,1564,1567,1568,1581,1588,1594,1599,1602,1603,1610,1616,1626,1631,1639,1640,1647,1648,1649,1653,1654,1656,1664,1669,1670,1673,1678,1686,1690,1720,1735,1737,1739,1741,1743,1755,1759,1768,1770,1777,1782,1787,1791,1793,1796,1797,1798,1813,1819,1826,1845,1847,1859,1876,1883,1884,1891,1893,1894,1907,1910,1911,1914,1916,1918,1919,1923,1928,1934,1935,1944,1945,1954,1955,1960,1965,1966,1967,1977,1978,1982,1984,1989,1990,1993,1995,1997,2005,2007,2009,2010,2013,2014,2019,2042,2043,2045,2050,2068,2070,2072,2080,2086,2090,2100,2110,2114,2116,2118,2119,2121,2123,2125,2128,2129,2134,2138,2140,2152,2156,2157,2182,2183,2186,2190,2192,2194,2199,2200,2202,2209,2210,2218,2221,2232,2233,2235,2240,2243,2247,2249,2250,2252,2257,2258,2259,2262,2263,2265,2266,2268,2269,2270,2286,2289,2293,2295,2305,2308,2311,2312,2314,2318,2320,2325,2326,2327,2330,2333,2336,2338,2342,2345,2346,2347,2348,2351,2353,2360,2369,2371,2373,2382,2392,2398,2406,2426,2430,2433,2435,2437,2440,2458,2463,2464,2474,2507,2509,2511,2530,2546,2555,2556,2558,2565,2573,2581,2599,2605,2625,2632,2651,2651
0.0,0.016666666666666666,0.03333333333333333,0.05,0.06666666666666667,0.08333333333333333,0.1,0.11666666666666667,0.21666666666666667,0.23333333333333334,0.25,0.26666666666666666,0.2833333333333333,0.31666666666666665,0.35,0.38333333333333336,0.4,0.4166666666666667,0.43333333333333335,0.45,0.4666666666666667,0.48333333333333334,0.5,0.5166666666666667,0.5833333333333334,0.6,0.6166666666666667,0.6333333333333333,0.65,0.6666666666666666,0.6833333333333333,0.7,0.7166666666666667,0.7333333333333333,0.75,0.7666666666666667,0.7833333333333333,0.8166666666666667,0.8333333333333334,0.85,0.8833333333333333,0.9,0.9333333333333333,0.95,0.9666666666666667,1.0,1.0166666666666666,1.0333333333333334,1.05,1.0666666666666667,1.0833333333333333,1.1,1.1333333333333333,1.15,1.1666666666666667,1.1833333333333333,1.2,1.2166666666666666,1.2333333333333334,1.2666666666666666,1.2833333333333334,1.3,1.35,1.3833333333333333,1.4166666666666667,1.4333333333333333,1.45,1.4833333333333334,1.5,1.5166666666666666,1.55,1.5666666666666667,1.5833333333333333,1.6,1.6166666666666667,1.65,1.6833333333333333,1.7,1.7166666666666666,1.75,1.7833333333333334,1.8,1.8166666666666667,1.8333333333333333,1.85,1.8833333333333333,1.9166666666666667,1.95,1.9666666666666666,2.0166666666666666,2.033333333333333,2.066666666666667,2.1,2.1333333333333333,2.15,2.1666666666666665,2.183333333333333,2.2,2.216666666666667,2.25,2.283333333333333,2.3333333333333335,2.3666666666666667,2.4166666666666665,2.433333333333333,2.466666666666667,2.4833333333333334,2.5,2.533333333333333,2.55,2.566666666666667,2.5833333333333335,2.6166666666666667,2.683333333333333,2.7333333333333334,2.75,2.7666666666666666,2.783333333333333,2.8,2.816666666666667,2.85,2.8833333333333333,2.933333333333333,3.0,3.0166666666666666,3.033333333333333,3.1,3.1166666666666667,3.1333333333333333,3.2,3.216666666666667,3.3333333333333335,3.35,3.3666666666666667,3.4,3.433333333333333,3.45,3.466666666666667,3.4833333333333334,3.566666666666667,3.5833333333333335,3.6,3.6166666666666667,3.7333333333333334,3.75,3.7666666666666666,3.783333333333333,3.8,3.8833333333333333,4.0,4.05,4.066666666666666,4.083333333333333,4.1,4.233333333333333,4.283333333333333,4.35,4.45,4.483333333333333,4.533333333333333,4.55,4.566666666666666,4.583333333333333,4.633333333333334,4.666666666666667,4.683333333333334,4.716666666666667,4.733333333333333,4.75,4.766666666666667,4.8,4.833333333333333,4.866666666666666,4.883333333333334,4.95,4.966666666666667,4.983333333333333,5.0,5.016666666666667,5.05,5.066666666666666,5.1,5.116666666666666,5.133333333333334,5.15,5.166666666666667,5.183333333333334,5.2,5.25,5.283333333333333,5.3,5.333333333333333,5.433333333333334,5.45,5.466666666666667,5.533333333333333,5.55,5.566666666666666,5.583333333333333,5.8,5.883333333333334,5.9,5.966666666666667,6.0,6.05,6.133333333333334,6.2,6.216666666666667,6.233333333333333,6.4,6.433333333333334,6.45,6.5,6.55,6.566666666666666,6.583333333333333,6.85,6.883333333333334,6.9,7.066666666666666,7.133333333333334,7.166666666666667,7.283333333333333,7.4,7.416666666666667,7.533333333333333,7.55,7.6,7.633333333333334,7.816666666666666,7.833333333333333,7.866666666666666,7.983333333333333,8.383333333333333,8.466666666666667,8.65,8.666666666666666,8.833333333333334,8.85,8.9,8.916666666666666,8.983333333333333,9.333333333333334,9.533333333333333,9.666666666666666,9.683333333333334,9.7,9.75,9.816666666666666,10.083333333333334,10.1,10.116666666666667,10.2,10.383333333333333,10.433333333333334,10.6,10.616666666666667,10.633333333333333,10.75,10.766666666666667,10.783333333333333,10.8,11.0,11.016666666666667,11.033333333333333,11.066666666666666,11.166666666666666,11.183333333333334,11.233333333333333,11.266666666666667,11.4,11.516666666666667,11.616666666666667,11.666666666666666,11.75,12.1,12.116666666666667,12.133333333333333,12.15,12.233333333333333,12.333333333333334,12.65,12.666666666666666,12.833333333333334,12.883333333333333,12.916666666666666,12.933333333333334,13.1,13.116666666666667,13.15,13.3,13.416666666666666,13.75,13.9,13.95,14.0,14.083333333333334,14.216666666666667,14.3,14.633333333333333,14.933333333333334,15.05,15.183333333333334,15.216666666666667,15.55,15.583333333333334,15.766666666666667,15.816666666666666,16.2,16.466666666666665,16.566666666666666,17.033333333333335,17.1,17.116666666666667,17.166666666666668,17.483333333333334,17.5,17.716666666666665,17.916666666666668,18.333333333333332,18.616666666666667,18.716666666666665,18.816666666666666,19.0,19.316666666666666,19.7,20.0,20.083333333333332,20.3,22.466666666666665,22.766666666666666,23.433333333333334,23.45,23.466666666666665,23.516666666666666,23.533333333333335,23.55,23.75,24.333333333333332,24.85,25.2,25.516666666666666,25.766666666666666,25.783333333333335,26.866666666666667,27.3,29.35,29.416666666666668,29.433333333333334,29.466666666666665,29.9,30.866666666666667,31.1,31.283333333333335,31.416666666666668,33.75,33.78333333333333,37.083333333333336,37.93333333333333,37.96666666666667,38.31666666666667,38.6,40.13333333333333,41.15,41.2,41.65,41.833333333333336,42.15,42.266666666666666,42.45,42.56666666666667,42.7,42.75,42.983333333333334,43.2,43.21666666666667,43.65,45.666666666666664,45.7,45.733333333333334,46.21666666666667,47.3,47.36666666666667,47.53333333333333,47.7,47.75,47.96666666666667,48.28333333333333,48.3,48.916666666666664,49.416666666666664,49.583333333333336,50.916666666666664,51.56666666666667,51.93333333333333,51.983333333333334,52.2,52.85,52.88333333333333,52.93333333333333,53.1,53.25,55.31666666666667,55.333333333333336,55.35,55.56666666666667,55.666666666666664,55.68333333333333,55.88333333333333,56.53333333333333,58.05,60.016666666666666,60.03333333333333,60.05,60.06666666666667,60.083333333333336,60.1,60.13333333333333,60.15,60.166666666666664,60.18333333333333,60.2,60.21666666666667,60.233333333333334,60.28333333333333,60.31666666666667,60.333333333333336,60.35,60.36666666666667,60.38333333333333,60.416666666666664,60.46666666666667,60.483333333333334,60.5,60.516666666666666,60.55,60.56666666666667,60.65,60.666666666666664,60.68333333333333,60.733333333333334,60.78333333333333,60.8,60.81666666666667,60.833333333333336,60.86666666666667,60.9,60.96666666666667,60.983333333333334,61.0,61.166666666666664,61.2,61.21666666666667,61.25,61.4,61.416666666666664,61.45,61.483333333333334,61.666666666666664,62.483333333333334
797,1505,1685,1791,1831,1853,1863,1876,2043,2154,2188,2208,2217,2220,2221,2224,2230,2253,2276,2295,2307,2318,2327,2329,2339,2345,2373,2375,2396,2426,2437,2452,2466,2471,2475,2479,2481,2482,2492,2497,2516,2528,2530,2532,2536,2539,2548,2559,2561,2570,2596,2640,2653,2673,2684,2693,2698,2700,2706,2718,2723,2726,2729,2733,2742,2748,2749,2750,2753,2764,2782,2787,2794,2796,2797,2808,2814,2820,2824,2829,2841,2842,2847,2862,2863,2865,2869,2891,2904,2906,2969,2972,2974,2982,3000,3011,3026,3028,3048,3057,3061,3064,3065,3069,3070,3071,3072,3074,3076,3078,3087,3094,3096,3100,3108,3110,3123,3148,3150,3151,3155,3156,3157,3158,3168,3177,3192,3198,3212,3219,3225,3227,3229,3240,3241,3243,3253,3260,3264,3265,3281,3291,3299,3306,3308,3312,3314,3317,3318,3320,3324,3334,3336,3338,3340,3344,3350,3358,3362,3364,3373,3375,3377,3378,3389,3393,3395,3397,3398,3410,3413,3418,3435,3437,3446,3464,3477,3479,3486,3487,3490,3491,3493,3496,3498,3511,3513,3514,3519,3520,3525,3562,3564,3613,3662,3663,3668,3670,3674,3677,3684,3687,3689,3690,3693,3696,3705,3707,3708,3720,3723,3724,3726,3727,3732,3740,3742,3744,3749,3758,3760,3768,3775,3777,3778,3787,3792,3793,3795,3797,3803,3817,3818,3822,3823,3827,3830,3832,3833,3840,3849,3853,3856,3858,3860,3864,3867,3872,3877,3881,3906,3909,3910,3924,3925,3927,3929,3931,3933,3944,3971,3973,3976,3984,3992,3995,3997,3999,4007,4014,4037,4040,4059,4060,4066,4086,4126,4146,4152,4153,4155,4158,4160,4169,4178,4201,4207,4210,4213,4214,4215,4216,4217,4218,4220,4222,4225,4237,4239,4240,4242,4250,4255,4256,4258,4260,4261,4269,4270,4271,4274,4276,4281,4284,4286,4287,4297,4299,4303,4317,4319,4321,4325,4328,4330,4331,4333,4334,4335,4339,4348,4350,4356,4358,4361,4367,4369,4373,4375,4381,4382,4385,4387,4389,4391,4393,4402,4407,4411,4419,4423,4429,4433,4436,4441,4447,4448,4451,4453,4454,4458,4460,4462,4463,4465,4469,4470,4472,4474,4475,4476,4477,4480,4485,4486,4488,4490,4491,4495,4501,4502,4503,4504,4506,4508,4515,4518,4519,4539,4554,4566,4573,4578,4599,4601,4614,4629,4636,4657,4658,4660,4663,4665,4669,4671,4673,4677,4678,4680,4682,4684,4688,4694,4696,4705,4715,4717,4723,4729,4731,4760,4763,4764,4767,4768,4783,4785,4790,4796,4800,4805,4811,4812,4822,4828,4832,4836,4841,4851,4861,4866,4877,4882,4886,4900,4902,4909,4912,4918,4927,4938,4940,4941,4945,4981,4985,4992,4993,4995,4995
